date,headline,url
2022-10-27,"ICYMI: “McConnell creates new rift inside GOP, earning censure from Alaska state party”",/news/news-zpfcdcsdps0
2022-10-27,ICYMI: Truth by Donald J. Trump,/news/news-hwjyrhszcd0
2022-10-26,45th President of the United States Donald J. Trump to Hold a Rally in Ohio,/news/news-cqs6kjdfm82702
2022-10-26,45th President of the United States Donald J. Trump to Hold a Rally with Senator Marco Rubio in Florida,/news/news-ypwjrr3aza2703
2022-10-26,45th President of the United States Donald J. Trump to Hold a Rally in Pennsylvania,/news/news-2mwzyqqj5d2704
2022-10-26,45th President of the United States Donald J. Trump to Hold a Rally in Iowa,/news/news-jsjxwcumgf2705
2022-10-26,ICYMI: “Mark Levin Blasts Mitch McConnell for Ignoring and Throttling Grassroots Republican Candidates–“We Have Great Candidates””,/news/news-78xw8zepqs2698
2022-10-26,ICYMI: “Red tsunami watch”,/news/news-gxuz2k3dax2699
2022-10-26,Endorsement of Adam Hinojosa,/news/news-7uerrgrqqc2700
2022-10-25,ICYMI: “Judge rules letting NYers vote by mail due to fear of COVID unconstitutional”,/news/news-qhdnvezfj90
2022-10-25,ICYMI: “Judge rules letting NYers vote by mail due to fear of COVID unconstitutional”,/news/news-prurwdvyqf2691
2022-10-25,ICYMI: “Liz Cheney’s Plan To Divide The Republican Party Has Failed”,/news/news-nvp6wsdppx0
2022-10-25,ICYMI: “Liz Cheney’s Plan To Divide The Republican Party Has Failed”,/news/news-xcmmudmkcm2692
2022-10-25,"ICYMI: “Dixon closes 17 point deficit, brings Michigan gov race to tie, despite Whitmer’s big cash advantage”",/news/news-beugx8s9qm0
2022-10-25,"ICYMI: “Dixon closes 17 point deficit, brings Michigan gov race to tie, despite Whitmer’s big cash advantage”",/news/news-9dfczyuahb2693
2022-10-25,ICYMI: “We Have Another Democrat Scared to Debate a Republican”,/news/news-e2vhc5exbe0
2022-10-25,ICYMI: “We Have Another Democrat Scared to Debate a Republican”,/news/news-wpn5j7swyu2694
2022-10-24,ICYMI: “California wildfires cancel out nearly two decades of emissions reductions”,/news/news-mfyhx8yxc92706
2022-10-24,ICYMI: “California wildfires cancel out nearly two decades of emissions reductions”,/news/news-dwmxdyqzjv2675
2022-10-24,ICYMI: “Democrats Out of Gas on Crime”,/news/news-wbyhszfm5b2707
